п»ҝм ңн’ҲлҸ„лІҲ,мёЎм •нҠ№м„ұ,мёЎм •мҲңлІҲ,мёЎм •к°’
P-3001,лҸ„л§үл‘җк»ҳОјm,1,21.4
P-3001,лҸ„л§үл‘җк»ҳОјm,2,21.9
P-3001,лҸ„л§үл‘җк»ҳОјm,3,20.9
P-3001,лҸ„л§үл‘җк»ҳОјm,4,23.0
P-3001,лҸ„л§үл‘җк»ҳОјm,5,22.8
P-3001,лҸ„л§үл‘җк»ҳОјm,6,21.3
P-3001,лҸ„л§үл‘җк»ҳОјm,7,20.2
P-3001,лҸ„л§үл‘җк»ҳОјm,8,22.0
P-3001,лҸ„л§үл‘җк»ҳОјm,9,23.6
P-3001,лҸ„л§үл‘җк»ҳОјm,10,23.2
P-3001,лҸ„л§үл‘җк»ҳОјm,11,22.5
P-3001,лҸ„л§үл‘җк»ҳОјm,12,20.1
P-3001,лҸ„л§үл‘җк»ҳОјm,13,23.9
P-3001,лҸ„л§үл‘җк»ҳОјm,14,24.3
P-3001,лҸ„л§үл‘җк»ҳОјm,15,19.6
P-3001,лҸ„л§үл‘җк»ҳОјm,16,22.2
P-3001,лҸ„л§үл‘җк»ҳОјm,17,18.6
P-3001,лҸ„л§үл‘җк»ҳОјm,18,22.2
P-3001,лҸ„л§үл‘җк»ҳОјm,19,20.3
P-3001,лҸ„л§үл‘җк»ҳОјm,20,20.3
P-3001,лҸ„л§үл‘җк»ҳОјm,21,23.6
P-3001,лҸ„л§үл‘җк»ҳОјm,22,21.0
P-3001,лҸ„л§үл‘җк»ҳОјm,23,22.1
P-3001,лҸ„л§үл‘җк»ҳОјm,24,24.7
P-3001,лҸ„л§үл‘җк»ҳОјm,25,19.3
P-3001,лҸ„л§үл‘җк»ҳОјm,26,22.8
P-3001,лҸ„л§үл‘җк»ҳОјm,27,24.0
P-3001,лҸ„л§үл‘җк»ҳОјm,28,23.7
P-3001,лҸ„л§үл‘җк»ҳОјm,29,22.7
P-3001,лҸ„л§үл‘җк»ҳОјm,30,24.2
P-3002,лҸ„л§үл‘җк»ҳОјm,1,32.7
P-3002,лҸ„л§үл‘җк»ҳОјm,2,31.9
P-3002,лҸ„л§үл‘җк»ҳОјm,3,30.9
P-3002,лҸ„л§үл‘җк»ҳОјm,4,30.9
P-3002,лҸ„л§үл‘җк»ҳОјm,5,31.0
P-3002,лҸ„л§үл‘җк»ҳОјm,6,31.8
P-3002,лҸ„л§үл‘җк»ҳОјm,7,30.7
P-3002,лҸ„л§үл‘җк»ҳОјm,8,31.3
P-3002,лҸ„л§үл‘җк»ҳОјm,9,31.6
P-3002,лҸ„л§үл‘җк»ҳОјm,10,32.8
P-3002,лҸ„л§үл‘җк»ҳОјm,11,31.9
P-3002,лҸ„л§үл‘җк»ҳОјm,12,31.3
P-3002,лҸ„л§үл‘җк»ҳОјm,13,31.7
P-3002,лҸ„л§үл‘җк»ҳОјm,14,31.8
P-3002,лҸ„л§үл‘җк»ҳОјm,15,30.9
P-3002,лҸ„л§үл‘җк»ҳОјm,16,32.7
P-3002,лҸ„л§үл‘җк»ҳОјm,17,31.7
P-3002,лҸ„л§үл‘җк»ҳОјm,18,31.5
P-3002,лҸ„л§үл‘җк»ҳОјm,19,30.8
P-3002,лҸ„л§үл‘җк»ҳОјm,20,31.5
P-3002,лҸ„л§үл‘җк»ҳОјm,21,31.2
P-3002,лҸ„л§үл‘җк»ҳОјm,22,32.9
P-3002,лҸ„л§үл‘җк»ҳОјm,23,31.0
P-3002,лҸ„л§үл‘җк»ҳОјm,24,30.7
P-3002,лҸ„л§үл‘җк»ҳОјm,25,32.2
P-3002,лҸ„л§үл‘җк»ҳОјm,26,32.3
P-3002,лҸ„л§үл‘җк»ҳОјm,27,32.5
P-3002,лҸ„л§үл‘җк»ҳОјm,28,32.8
P-3002,лҸ„л§үл‘җк»ҳОјm,29,31.6
P-3002,лҸ„л§үл‘җк»ҳОјm,30,30.7
P-3003,лҸ„л§үл‘җк»ҳОјm,1,31.3
P-3003,лҸ„л§үл‘җк»ҳОјm,2,29.8
P-3003,лҸ„л§үл‘җк»ҳОјm,3,28.3
P-3003,лҸ„л§үл‘җк»ҳОјm,4,31.2
P-3003,лҸ„л§үл‘җк»ҳОјm,5,28.7
P-3003,лҸ„л§үл‘җк»ҳОјm,6,29.0
P-3003,лҸ„л§үл‘җк»ҳОјm,7,30.9
P-3003,лҸ„л§үл‘җк»ҳОјm,8,27.6
P-3003,лҸ„л§үл‘җк»ҳОјm,9,29.4
P-3003,лҸ„л§үл‘җк»ҳОјm,10,32.3
P-3003,лҸ„л§үл‘җк»ҳОјm,11,30.1
P-3003,лҸ„л§үл‘җк»ҳОјm,12,31.0
P-3003,лҸ„л§үл‘җк»ҳОјm,13,28.4
P-3003,лҸ„л§үл‘җк»ҳОјm,14,29.1
P-3003,лҸ„л§үл‘җк»ҳОјm,15,29.9
P-3003,лҸ„л§үл‘җк»ҳОјm,16,30.0
P-3003,лҸ„л§үл‘җк»ҳОјm,17,30.0
P-3003,лҸ„л§үл‘җк»ҳОјm,18,30.4
P-3003,лҸ„л§үл‘җк»ҳОјm,19,29.2
P-3003,лҸ„л§үл‘җк»ҳОјm,20,29.9
P-3003,лҸ„л§үл‘җк»ҳОјm,21,30.9
P-3003,лҸ„л§үл‘җк»ҳОјm,22,31.5
P-3003,лҸ„л§үл‘җк»ҳОјm,23,30.8
P-3003,лҸ„л§үл‘җк»ҳОјm,24,27.9
P-3003,лҸ„л§үл‘җк»ҳОјm,25,29.4
P-3003,лҸ„л§үл‘җк»ҳОјm,26,29.1
P-3003,лҸ„л§үл‘җк»ҳОјm,27,29.5
P-3003,лҸ„л§үл‘җк»ҳОјm,28,30.4
P-3003,лҸ„л§үл‘җк»ҳОјm,29,27.8
P-3003,лҸ„л§үл‘җк»ҳОјm,30,29.3
P-3004,лҸ„л§үл‘җк»ҳОјm,1,34.6
P-3004,лҸ„л§үл‘җк»ҳОјm,2,32.6
P-3004,лҸ„л§үл‘җк»ҳОјm,3,35.1
P-3004,лҸ„л§үл‘җк»ҳОјm,4,35.1
P-3004,лҸ„л§үл‘җк»ҳОјm,5,34.1
P-3004,лҸ„л§үл‘җк»ҳОјm,6,33.5
P-3004,лҸ„л§үл‘җк»ҳОјm,7,32.9
P-3004,лҸ„л§үл‘җк»ҳОјm,8,34.1
P-3004,лҸ„л§үл‘җк»ҳОјm,9,34.1
P-3004,лҸ„л§үл‘җк»ҳОјm,10,34.9
P-3004,лҸ„л§үл‘җк»ҳОјm,11,33.8
P-3004,лҸ„л§үл‘җк»ҳОјm,12,34.0
P-3004,лҸ„л§үл‘җк»ҳОјm,13,34.7
P-3004,лҸ„л§үл‘җк»ҳОјm,14,34.1
P-3004,лҸ„л§үл‘җк»ҳОјm,15,34.4
P-3004,лҸ„л§үл‘җк»ҳОјm,16,34.3
P-3004,лҸ„л§үл‘җк»ҳОјm,17,33.6
P-3004,лҸ„л§үл‘җк»ҳОјm,18,34.4
P-3004,лҸ„л§үл‘җк»ҳОјm,19,35.0
P-3004,лҸ„л§үл‘җк»ҳОјm,20,33.5
P-3004,лҸ„л§үл‘җк»ҳОјm,21,34.1
P-3004,лҸ„л§үл‘җк»ҳОјm,22,33.9
P-3004,лҸ„л§үл‘җк»ҳОјm,23,34.0
P-3004,лҸ„л§үл‘җк»ҳОјm,24,34.2
P-3004,лҸ„л§үл‘җк»ҳОјm,25,33.7
P-3004,лҸ„л§үл‘җк»ҳОјm,26,34.8
P-3004,лҸ„л§үл‘җк»ҳОјm,27,34.3
P-3004,лҸ„л§үл‘җк»ҳОјm,28,34.2
P-3004,лҸ„л§үл‘җк»ҳОјm,29,33.3
P-3004,лҸ„л§үл‘җк»ҳОјm,30,34.4
P-3005,лҸ„л§үл‘җк»ҳОјm,1,33.3
P-3005,лҸ„л§үл‘җк»ҳОјm,2,40.2
P-3005,лҸ„л§үл‘җк»ҳОјm,3,36.5
P-3005,лҸ„л§үл‘җк»ҳОјm,4,34.7
P-3005,лҸ„л§үл‘җк»ҳОјm,5,32.0
P-3005,лҸ„л§үл‘җк»ҳОјm,6,38.2
P-3005,лҸ„л§үл‘җк»ҳОјm,7,35.8
P-3005,лҸ„л§үл‘җк»ҳОјm,8,35.3
P-3005,лҸ„л§үл‘җк»ҳОјm,9,37.2
P-3005,лҸ„л§үл‘җк»ҳОјm,10,33.2
P-3005,лҸ„л§үл‘җк»ҳОјm,11,35.6
P-3005,лҸ„л§үл‘җк»ҳОјm,12,33.2
P-3005,лҸ„л§үл‘җк»ҳОјm,13,36.3
P-3005,лҸ„л§үл‘җк»ҳОјm,14,33.7
P-3005,лҸ„л§үл‘җк»ҳОјm,15,35.2
P-3005,лҸ„л§үл‘җк»ҳОјm,16,33.8
P-3005,лҸ„л§үл‘җк»ҳОјm,17,36.2
P-3005,лҸ„л§үл‘җк»ҳОјm,18,34.6
P-3005,лҸ„л§үл‘җк»ҳОјm,19,38.2
P-3005,лҸ„л§үл‘җк»ҳОјm,20,34.4
P-3005,лҸ„л§үл‘җк»ҳОјm,21,34.0
P-3005,лҸ„л§үл‘җк»ҳОјm,22,34.3
P-3005,лҸ„л§үл‘җк»ҳОјm,23,34.3
P-3005,лҸ„л§үл‘җк»ҳОјm,24,35.5
P-3005,лҸ„л§үл‘җк»ҳОјm,25,35.6
P-3005,лҸ„л§үл‘җк»ҳОјm,26,32.8
P-3005,лҸ„л§үл‘җк»ҳОјm,27,33.2
P-3005,лҸ„л§үл‘җк»ҳОјm,28,36.2
P-3005,лҸ„л§үл‘җк»ҳОјm,29,34.5
P-3005,лҸ„л§үл‘җк»ҳОјm,30,36.2
P-3006,лҸ„л§үл‘җк»ҳОјm,1,32.6
P-3006,лҸ„л§үл‘җк»ҳОјm,2,38.0
P-3006,лҸ„л§үл‘җк»ҳОјm,3,33.2
P-3006,лҸ„л§үл‘җк»ҳОјm,4,35.7
P-3006,лҸ„л§үл‘җк»ҳОјm,5,34.1
P-3006,лҸ„л§үл‘җк»ҳОјm,6,39.4
P-3006,лҸ„л§үл‘җк»ҳОјm,7,37.3
P-3006,лҸ„л§үл‘җк»ҳОјm,8,34.1
P-3006,лҸ„л§үл‘җк»ҳОјm,9,37.5
P-3006,лҸ„л§үл‘җк»ҳОјm,10,34.6
P-3006,лҸ„л§үл‘җк»ҳОјm,11,33.7
P-3006,лҸ„л§үл‘җк»ҳОјm,12,38.6
P-3006,лҸ„л§үл‘җк»ҳОјm,13,37.5
P-3006,лҸ„л§үл‘җк»ҳОјm,14,36.3
P-3006,лҸ„л§үл‘җк»ҳОјm,15,38.4
P-3006,лҸ„л§үл‘җк»ҳОјm,16,38.1
P-3006,лҸ„л§үл‘җк»ҳОјm,17,37.1
P-3006,лҸ„л§үл‘җк»ҳОјm,18,36.7
P-3006,лҸ„л§үл‘җк»ҳОјm,19,37.3
P-3006,лҸ„л§үл‘җк»ҳОјm,20,35.8
P-3006,лҸ„л§үл‘җк»ҳОјm,21,33.9
P-3006,лҸ„л§үл‘җк»ҳОјm,22,35.9
P-3006,лҸ„л§үл‘җк»ҳОјm,23,34.0
P-3006,лҸ„л§үл‘җк»ҳОјm,24,34.5
P-3006,лҸ„л§үл‘җк»ҳОјm,25,38.5
P-3006,лҸ„л§үл‘җк»ҳОјm,26,35.0
P-3006,лҸ„л§үл‘җк»ҳОјm,27,37.8
P-3006,лҸ„л§үл‘җк»ҳОјm,28,35.1
P-3006,лҸ„л§үл‘җк»ҳОјm,29,35.2
P-3006,лҸ„л§үл‘җк»ҳОјm,30,39.7
P-3007,лҸ„л§үл‘җк»ҳОјm,1,29.0
P-3007,лҸ„л§үл‘җк»ҳОјm,2,28.3
P-3007,лҸ„л§үл‘җк»ҳОјm,3,28.1
P-3007,лҸ„л§үл‘җк»ҳОјm,4,25.4
P-3007,лҸ„л§үл‘җк»ҳОјm,5,27.7
P-3007,лҸ„л§үл‘җк»ҳОјm,6,24.8
P-3007,лҸ„л§үл‘җк»ҳОјm,7,28.5
P-3007,лҸ„л§үл‘җк»ҳОјm,8,28.8
P-3007,лҸ„л§үл‘җк»ҳОјm,9,26.1
P-3007,лҸ„л§үл‘җк»ҳОјm,10,27.8
P-3007,лҸ„л§үл‘җк»ҳОјm,11,26.3
P-3007,лҸ„л§үл‘җк»ҳОјm,12,26.4
P-3007,лҸ„л§үл‘җк»ҳОјm,13,25.2
P-3007,лҸ„л§үл‘җк»ҳОјm,14,26.8
P-3007,лҸ„л§үл‘җк»ҳОјm,15,26.1
P-3007,лҸ„л§үл‘җк»ҳОјm,16,27.9
P-3007,лҸ„л§үл‘җк»ҳОјm,17,24.7
P-3007,лҸ„л§үл‘җк»ҳОјm,18,22.5
P-3007,лҸ„л§үл‘җк»ҳОјm,19,24.8
P-3007,лҸ„л§үл‘җк»ҳОјm,20,28.8
P-3007,лҸ„л§үл‘җк»ҳОјm,21,25.4
P-3007,лҸ„л§үл‘җк»ҳОјm,22,25.8
P-3007,лҸ„л§үл‘җк»ҳОјm,23,27.1
P-3007,лҸ„л§үл‘җк»ҳОјm,24,28.7
P-3007,лҸ„л§үл‘җк»ҳОјm,25,26.5
P-3007,лҸ„л§үл‘җк»ҳОјm,26,27.2
P-3007,лҸ„л§үл‘җк»ҳОјm,27,25.3
P-3007,лҸ„л§үл‘җк»ҳОјm,28,27.2
P-3007,лҸ„л§үл‘җк»ҳОјm,29,28.0
P-3007,лҸ„л§үл‘җк»ҳОјm,30,26.5
P-3008,лҸ„л§үл‘җк»ҳОјm,1,34.2
P-3008,лҸ„л§үл‘җк»ҳОјm,2,31.7
P-3008,лҸ„л§үл‘җк»ҳОјm,3,31.1
P-3008,лҸ„л§үл‘җк»ҳОјm,4,31.9
P-3008,лҸ„л§үл‘җк»ҳОјm,5,32.1
P-3008,лҸ„л§үл‘җк»ҳОјm,6,31.2
P-3008,лҸ„л§үл‘җк»ҳОјm,7,31.9
P-3008,лҸ„л§үл‘җк»ҳОјm,8,32.0
P-3008,лҸ„л§үл‘җк»ҳОјm,9,32.6
P-3008,лҸ„л§үл‘җк»ҳОјm,10,30.1
P-3008,лҸ„л§үл‘җк»ҳОјm,11,32.3
P-3008,лҸ„л§үл‘җк»ҳОјm,12,30.8
P-3008,лҸ„л§үл‘җк»ҳОјm,13,30.5
P-3008,лҸ„л§үл‘җк»ҳОјm,14,30.7
P-3008,лҸ„л§үл‘җк»ҳОјm,15,31.5
P-3008,лҸ„л§үл‘җк»ҳОјm,16,32.8
P-3008,лҸ„л§үл‘җк»ҳОјm,17,31.5
P-3008,лҸ„л§үл‘җк»ҳОјm,18,30.8
P-3008,лҸ„л§үл‘җк»ҳОјm,19,34.2
P-3008,лҸ„л§үл‘җк»ҳОјm,20,33.3
P-3008,лҸ„л§үл‘җк»ҳОјm,21,31.6
P-3008,лҸ„л§үл‘җк»ҳОјm,22,32.8
P-3008,лҸ„л§үл‘җк»ҳОјm,23,33.6
P-3008,лҸ„л§үл‘җк»ҳОјm,24,31.4
P-3008,лҸ„л§үл‘җк»ҳОјm,25,33.4
P-3008,лҸ„л§үл‘җк»ҳОјm,26,33.2
P-3008,лҸ„л§үл‘җк»ҳОјm,27,30.8
P-3008,лҸ„л§үл‘җк»ҳОјm,28,31.2
P-3008,лҸ„л§үл‘җк»ҳОјm,29,32.0
P-3008,лҸ„л§үл‘җк»ҳОјm,30,30.3
P-3009,лҸ„л§үл‘җк»ҳОјm,1,22.9
P-3009,лҸ„л§үл‘җк»ҳОјm,2,21.6
P-3009,лҸ„л§үл‘җк»ҳОјm,3,22.1
P-3009,лҸ„л§үл‘җк»ҳОјm,4,22.2
P-3009,лҸ„л§үл‘җк»ҳОјm,5,21.8
P-3009,лҸ„л§үл‘җк»ҳОјm,6,24.2
P-3009,лҸ„л§үл‘җк»ҳОјm,7,21.1
P-3009,лҸ„л§үл‘җк»ҳОјm,8,24.9
P-3009,лҸ„л§үл‘җк»ҳОјm,9,24.1
P-3009,лҸ„л§үл‘җк»ҳОјm,10,21.4
P-3009,лҸ„л§үл‘җк»ҳОјm,11,22.6
P-3009,лҸ„л§үл‘җк»ҳОјm,12,21.9
P-3009,лҸ„л§үл‘җк»ҳОјm,13,20.7
P-3009,лҸ„л§үл‘җк»ҳОјm,14,22.4
P-3009,лҸ„л§үл‘җк»ҳОјm,15,22.2
P-3009,лҸ„л§үл‘җк»ҳОјm,16,22.6
P-3009,лҸ„л§үл‘җк»ҳОјm,17,21.1
P-3009,лҸ„л§үл‘җк»ҳОјm,18,22.9
P-3009,лҸ„л§үл‘җк»ҳОјm,19,20.4
P-3009,лҸ„л§үл‘җк»ҳОјm,20,23.7
P-3009,лҸ„л§үл‘җк»ҳОјm,21,22.4
P-3009,лҸ„л§үл‘җк»ҳОјm,22,20.9
P-3009,лҸ„л§үл‘җк»ҳОјm,23,20.5
P-3009,лҸ„л§үл‘җк»ҳОјm,24,21.4
P-3009,лҸ„л§үл‘җк»ҳОјm,25,22.4
P-3009,лҸ„л§үл‘җк»ҳОјm,26,23.2
P-3009,лҸ„л§үл‘җк»ҳОјm,27,21.4
P-3009,лҸ„л§үл‘җк»ҳОјm,28,22.4
P-3009,лҸ„л§үл‘җк»ҳОјm,29,23.4
P-3009,лҸ„л§үл‘җк»ҳОјm,30,22.5
P-3010,лҸ„л§үл‘җк»ҳОјm,1,24.5
P-3010,лҸ„л§үл‘җк»ҳОјm,2,24.6
P-3010,лҸ„л§үл‘җк»ҳОјm,3,26.5
P-3010,лҸ„л§үл‘җк»ҳОјm,4,24.7
P-3010,лҸ„л§үл‘җк»ҳОјm,5,25.0
P-3010,лҸ„л§үл‘җк»ҳОјm,6,23.7
P-3010,лҸ„л§үл‘җк»ҳОјm,7,22.3
P-3010,лҸ„л§үл‘җк»ҳОјm,8,23.6
P-3010,лҸ„л§үл‘җк»ҳОјm,9,23.8
P-3010,лҸ„л§үл‘җк»ҳОјm,10,23.3
P-3010,лҸ„л§үл‘җк»ҳОјm,11,26.0
P-3010,лҸ„л§үл‘җк»ҳОјm,12,24.0
P-3010,лҸ„л§үл‘җк»ҳОјm,13,22.6
P-3010,лҸ„л§үл‘җк»ҳОјm,14,26.8
P-3010,лҸ„л§үл‘җк»ҳОјm,15,24.3
P-3010,лҸ„л§үл‘җк»ҳОјm,16,25.7
P-3010,лҸ„л§үл‘җк»ҳОјm,17,22.4
P-3010,лҸ„л§үл‘җк»ҳОјm,18,26.7
P-3010,лҸ„л§үл‘җк»ҳОјm,19,25.1
P-3010,лҸ„л§үл‘җк»ҳОјm,20,25.3
P-3010,лҸ„л§үл‘җк»ҳОјm,21,25.5
P-3010,лҸ„л§үл‘җк»ҳОјm,22,24.2
P-3010,лҸ„л§үл‘җк»ҳОјm,23,27.0
P-3010,лҸ„л§үл‘җк»ҳОјm,24,23.1
P-3010,лҸ„л§үл‘җк»ҳОјm,25,23.7
P-3010,лҸ„л§үл‘җк»ҳОјm,26,23.7
P-3010,лҸ„л§үл‘җк»ҳОјm,27,22.1
P-3010,лҸ„л§үл‘җк»ҳОјm,28,24.6
P-3010,лҸ„л§үл‘җк»ҳОјm,29,26.4
P-3010,лҸ„л§үл‘җк»ҳОјm,30,24.8
P-3011,лҸ„л§үл‘җк»ҳОјm,1,21.6
P-3011,лҸ„л§үл‘җк»ҳОјm,2,20.6
P-3011,лҸ„л§үл‘җк»ҳОјm,3,21.7
P-3011,лҸ„л§үл‘җк»ҳОјm,4,20.5
P-3011,лҸ„л§үл‘җк»ҳОјm,5,20.6
P-3011,лҸ„л§үл‘җк»ҳОјm,6,21.5
P-3011,лҸ„л§үл‘җк»ҳОјm,7,21.5
P-3011,лҸ„л§үл‘җк»ҳОјm,8,20.1
P-3011,лҸ„л§үл‘җк»ҳОјm,9,22.3
P-3011,лҸ„л§үл‘җк»ҳОјm,10,20.8
P-3011,лҸ„л§үл‘җк»ҳОјm,11,21.5
P-3011,лҸ„л§үл‘җк»ҳОјm,12,20.6
P-3011,лҸ„л§үл‘җк»ҳОјm,13,21.5
P-3011,лҸ„л§үл‘җк»ҳОјm,14,22.5
P-3011,лҸ„л§үл‘җк»ҳОјm,15,20.5
P-3011,лҸ„л§үл‘җк»ҳОјm,16,20.7
P-3011,лҸ„л§үл‘җк»ҳОјm,17,21.3
P-3011,лҸ„л§үл‘җк»ҳОјm,18,20.8
P-3011,лҸ„л§үл‘җк»ҳОјm,19,21.0
P-3011,лҸ„л§үл‘җк»ҳОјm,20,21.7
P-3011,лҸ„л§үл‘җк»ҳОјm,21,21.3
P-3011,лҸ„л§үл‘җк»ҳОјm,22,19.9
P-3011,лҸ„л§үл‘җк»ҳОјm,23,20.7
P-3011,лҸ„л§үл‘җк»ҳОјm,24,21.0
P-3011,лҸ„л§үл‘җк»ҳОјm,25,21.8
P-3011,лҸ„л§үл‘җк»ҳОјm,26,19.9
P-3011,лҸ„л§үл‘җк»ҳОјm,27,20.5
P-3011,лҸ„л§үл‘җк»ҳОјm,28,21.4
P-3011,лҸ„л§үл‘җк»ҳОјm,29,21.4
P-3011,лҸ„л§үл‘җк»ҳОјm,30,20.2
P-3012,лҸ„л§үл‘җк»ҳОјm,1,23.6
P-3012,лҸ„л§үл‘җк»ҳОјm,2,24.2
P-3012,лҸ„л§үл‘җк»ҳОјm,3,23.6
P-3012,лҸ„л§үл‘җк»ҳОјm,4,23.7
P-3012,лҸ„л§үл‘җк»ҳОјm,5,22.8
P-3012,лҸ„л§үл‘җк»ҳОјm,6,25.2
P-3012,лҸ„л§үл‘җк»ҳОјm,7,25.8
P-3012,лҸ„л§үл‘җк»ҳОјm,8,22.1
P-3012,лҸ„л§үл‘җк»ҳОјm,9,26.9
P-3012,лҸ„л§үл‘җк»ҳОјm,10,23.7
P-3012,лҸ„л§үл‘җк»ҳОјm,11,23.6
P-3012,лҸ„л§үл‘җк»ҳОјm,12,25.5
P-3012,лҸ„л§үл‘җк»ҳОјm,13,25.5
P-3012,лҸ„л§үл‘җк»ҳОјm,14,21.2
P-3012,лҸ„л§үл‘җк»ҳОјm,15,23.3
P-3012,лҸ„л§үл‘җк»ҳОјm,16,24.4
P-3012,лҸ„л§үл‘җк»ҳОјm,17,25.5
P-3012,лҸ„л§үл‘җк»ҳОјm,18,23.6
P-3012,лҸ„л§үл‘җк»ҳОјm,19,22.1
P-3012,лҸ„л§үл‘җк»ҳОјm,20,25.0
P-3012,лҸ„л§үл‘җк»ҳОјm,21,24.8
P-3012,лҸ„л§үл‘җк»ҳОјm,22,24.0
P-3012,лҸ„л§үл‘җк»ҳОјm,23,24.6
P-3012,лҸ„л§үл‘җк»ҳОјm,24,25.8
P-3012,лҸ„л§үл‘җк»ҳОјm,25,21.4
P-3012,лҸ„л§үл‘җк»ҳОјm,26,24.5
P-3012,лҸ„л§үл‘җк»ҳОјm,27,25.2
P-3012,лҸ„л§үл‘җк»ҳОјm,28,24.2
P-3012,лҸ„л§үл‘җк»ҳОјm,29,24.5
P-3012,лҸ„л§үл‘җк»ҳОјm,30,21.2
P-3013,лҸ„л§үл‘җк»ҳОјm,1,27.8
P-3013,лҸ„л§үл‘җк»ҳОјm,2,28.0
P-3013,лҸ„л§үл‘җк»ҳОјm,3,27.3
P-3013,лҸ„л§үл‘җк»ҳОјm,4,29.8
P-3013,лҸ„л§үл‘җк»ҳОјm,5,28.8
P-3013,лҸ„л§үл‘җк»ҳОјm,6,29.8
P-3013,лҸ„л§үл‘җк»ҳОјm,7,28.6
P-3013,лҸ„л§үл‘җк»ҳОјm,8,27.6
P-3013,лҸ„л§үл‘җк»ҳОјm,9,28.4
P-3013,лҸ„л§үл‘җк»ҳОјm,10,28.8
P-3013,лҸ„л§үл‘җк»ҳОјm,11,27.8
P-3013,лҸ„л§үл‘җк»ҳОјm,12,27.3
P-3013,лҸ„л§үл‘җк»ҳОјm,13,29.5
P-3013,лҸ„л§үл‘җк»ҳОјm,14,30.2
P-3013,лҸ„л§үл‘җк»ҳОјm,15,28.4
P-3013,лҸ„л§үл‘җк»ҳОјm,16,28.6
P-3013,лҸ„л§үл‘җк»ҳОјm,17,28.3
P-3013,лҸ„л§үл‘җк»ҳОјm,18,29.2
P-3013,лҸ„л§үл‘җк»ҳОјm,19,28.7
P-3013,лҸ„л§үл‘җк»ҳОјm,20,26.6
P-3013,лҸ„л§үл‘җк»ҳОјm,21,29.1
P-3013,лҸ„л§үл‘җк»ҳОјm,22,29.0
P-3013,лҸ„л§үл‘җк»ҳОјm,23,28.6
P-3013,лҸ„л§үл‘җк»ҳОјm,24,30.9
P-3013,лҸ„л§үл‘җк»ҳОјm,25,29.0
P-3013,лҸ„л§үл‘җк»ҳОјm,26,29.3
P-3013,лҸ„л§үл‘җк»ҳОјm,27,26.3
P-3013,лҸ„л§үл‘җк»ҳОјm,28,29.4
P-3013,лҸ„л§үл‘җк»ҳОјm,29,28.3
P-3013,лҸ„л§үл‘җк»ҳОјm,30,27.9
P-3014,лҸ„л§үл‘җк»ҳОјm,1,17.2
P-3014,лҸ„л§үл‘җк»ҳОјm,2,20.1
P-3014,лҸ„л§үл‘җк»ҳОјm,3,18.0
P-3014,лҸ„л§үл‘җк»ҳОјm,4,18.2
P-3014,лҸ„л§үл‘җк»ҳОјm,5,19.9
P-3014,лҸ„л§үл‘җк»ҳОјm,6,19.5
P-3014,лҸ„л§үл‘җк»ҳОјm,7,20.1
P-3014,лҸ„л§үл‘җк»ҳОјm,8,19.3
P-3014,лҸ„л§үл‘җк»ҳОјm,9,17.5
P-3014,лҸ„л§үл‘җк»ҳОјm,10,17.2
P-3014,лҸ„л§үл‘җк»ҳОјm,11,16.0
P-3014,лҸ„л§үл‘җк»ҳОјm,12,18.9
P-3014,лҸ„л§үл‘җк»ҳОјm,13,16.6
P-3014,лҸ„л§үл‘җк»ҳОјm,14,19.6
P-3014,лҸ„л§үл‘җк»ҳОјm,15,16.6
P-3014,лҸ„л§үл‘җк»ҳОјm,16,16.2
P-3014,лҸ„л§үл‘җк»ҳОјm,17,19.9
P-3014,лҸ„л§үл‘җк»ҳОјm,18,16.7
P-3014,лҸ„л§үл‘җк»ҳОјm,19,19.3
P-3014,лҸ„л§үл‘җк»ҳОјm,20,18.1
P-3014,лҸ„л§үл‘җк»ҳОјm,21,16.8
P-3014,лҸ„л§үл‘җк»ҳОјm,22,17.0
P-3014,лҸ„л§үл‘җк»ҳОјm,23,15.7
P-3014,лҸ„л§үл‘җк»ҳОјm,24,15.7
P-3014,лҸ„л§үл‘җк»ҳОјm,25,17.8
P-3014,лҸ„л§үл‘җк»ҳОјm,26,15.9
P-3014,лҸ„л§үл‘җк»ҳОјm,27,17.9
P-3014,лҸ„л§үл‘җк»ҳОјm,28,16.4
P-3014,лҸ„л§үл‘җк»ҳОјm,29,16.7
P-3014,лҸ„л§үл‘җк»ҳОјm,30,16.2
P-3015,лҸ„л§үл‘җк»ҳОјm,1,22.2
P-3015,лҸ„л§үл‘җк»ҳОјm,2,22.9
P-3015,лҸ„л§үл‘җк»ҳОјm,3,24.4
P-3015,лҸ„л§үл‘җк»ҳОјm,4,24.3
P-3015,лҸ„л§үл‘җк»ҳОјm,5,23.3
P-3015,лҸ„л§үл‘җк»ҳОјm,6,23.0
P-3015,лҸ„л§үл‘җк»ҳОјm,7,23.3
P-3015,лҸ„л§үл‘җк»ҳОјm,8,23.2
P-3015,лҸ„л§үл‘җк»ҳОјm,9,22.8
P-3015,лҸ„л§үл‘җк»ҳОјm,10,23.2
P-3015,лҸ„л§үл‘җк»ҳОјm,11,24.0
P-3015,лҸ„л§үл‘җк»ҳОјm,12,23.6
P-3015,лҸ„л§үл‘җк»ҳОјm,13,23.8
P-3015,лҸ„л§үл‘җк»ҳОјm,14,22.6
P-3015,лҸ„л§үл‘җк»ҳОјm,15,23.2
P-3015,лҸ„л§үл‘җк»ҳОјm,16,22.6
P-3015,лҸ„л§үл‘җк»ҳОјm,17,23.4
P-3015,лҸ„л§үл‘җк»ҳОјm,18,24.4
P-3015,лҸ„л§үл‘җк»ҳОјm,19,23.5
P-3015,лҸ„л§үл‘җк»ҳОјm,20,22.7
P-3015,лҸ„л§үл‘җк»ҳОјm,21,23.4
P-3015,лҸ„л§үл‘җк»ҳОјm,22,23.2
P-3015,лҸ„л§үл‘җк»ҳОјm,23,24.3
P-3015,лҸ„л§үл‘җк»ҳОјm,24,24.0
P-3015,лҸ„л§үл‘җк»ҳОјm,25,24.5
P-3015,лҸ„л§үл‘җк»ҳОјm,26,24.4
P-3015,лҸ„л§үл‘җк»ҳОјm,27,22.5
P-3015,лҸ„л§үл‘җк»ҳОјm,28,23.5
P-3015,лҸ„л§үл‘җк»ҳОјm,29,22.9
P-3015,лҸ„л§үл‘җк»ҳОјm,30,24.8
P-3016,лҸ„л§үл‘җк»ҳОјm,1,14.9
P-3016,лҸ„л§үл‘җк»ҳОјm,2,16.2
P-3016,лҸ„л§үл‘җк»ҳОјm,3,19.4
P-3016,лҸ„л§үл‘җк»ҳОјm,4,16.4
P-3016,лҸ„л§үл‘җк»ҳОјm,5,15.4
P-3016,лҸ„л§үл‘җк»ҳОјm,6,15.2
P-3016,лҸ„л§үл‘җк»ҳОјm,7,16.8
P-3016,лҸ„л§үл‘җк»ҳОјm,8,16.9
P-3016,лҸ„л§үл‘җк»ҳОјm,9,16.4
P-3016,лҸ„л§үл‘җк»ҳОјm,10,16.9
P-3016,лҸ„л§үл‘җк»ҳОјm,11,16.5
P-3016,лҸ„л§үл‘җк»ҳОјm,12,16.5
P-3016,лҸ„л§үл‘җк»ҳОјm,13,17.9
P-3016,лҸ„л§үл‘җк»ҳОјm,14,16.8
P-3016,лҸ„л§үл‘җк»ҳОјm,15,16.9
P-3016,лҸ„л§үл‘җк»ҳОјm,16,16.0
P-3016,лҸ„л§үл‘җк»ҳОјm,17,16.4
P-3016,лҸ„л§үл‘җк»ҳОјm,18,16.8
P-3016,лҸ„л§үл‘җк»ҳОјm,19,17.0
P-3016,лҸ„л§үл‘җк»ҳОјm,20,14.9
P-3016,лҸ„л§үл‘җк»ҳОјm,21,16.0
P-3016,лҸ„л§үл‘җк»ҳОјm,22,14.9
P-3016,лҸ„л§үл‘җк»ҳОјm,23,16.0
P-3016,лҸ„л§үл‘җк»ҳОјm,24,16.7
P-3016,лҸ„л§үл‘җк»ҳОјm,25,17.4
P-3016,лҸ„л§үл‘җк»ҳОјm,26,18.4
P-3016,лҸ„л§үл‘җк»ҳОјm,27,15.6
P-3016,лҸ„л§үл‘җк»ҳОјm,28,18.1
P-3016,лҸ„л§үл‘җк»ҳОјm,29,16.7
P-3016,лҸ„л§үл‘җк»ҳОјm,30,16.8
P-3017,лҸ„л§үл‘җк»ҳОјm,1,20.1
P-3017,лҸ„л§үл‘җк»ҳОјm,2,19.7
P-3017,лҸ„л§үл‘җк»ҳОјm,3,20.8
P-3017,лҸ„л§үл‘җк»ҳОјm,4,19.7
P-3017,лҸ„л§үл‘җк»ҳОјm,5,23.4
P-3017,лҸ„л§үл‘җк»ҳОјm,6,22.9
P-3017,лҸ„л§үл‘җк»ҳОјm,7,25.5
P-3017,лҸ„л§үл‘җк»ҳОјm,8,21.9
P-3017,лҸ„л§үл‘җк»ҳОјm,9,24.1
P-3017,лҸ„л§үл‘җк»ҳОјm,10,21.9
P-3017,лҸ„л§үл‘җк»ҳОјm,11,27.3
P-3017,лҸ„л§үл‘җк»ҳОјm,12,22.7
P-3017,лҸ„л§үл‘җк»ҳОјm,13,21.7
P-3017,лҸ„л§үл‘җк»ҳОјm,14,27.0
P-3017,лҸ„л§үл‘җк»ҳОјm,15,22.7
P-3017,лҸ„л§үл‘җк»ҳОјm,16,23.9
P-3017,лҸ„л§үл‘җк»ҳОјm,17,24.2
P-3017,лҸ„л§үл‘җк»ҳОјm,18,25.9
P-3017,лҸ„л§үл‘җк»ҳОјm,19,22.2
P-3017,лҸ„л§үл‘җк»ҳОјm,20,24.3
P-3017,лҸ„л§үл‘җк»ҳОјm,21,23.2
P-3017,лҸ„л§үл‘җк»ҳОјm,22,20.9
P-3017,лҸ„л§үл‘җк»ҳОјm,23,22.0
P-3017,лҸ„л§үл‘җк»ҳОјm,24,23.3
P-3017,лҸ„л§үл‘җк»ҳОјm,25,23.7
P-3017,лҸ„л§үл‘җк»ҳОјm,26,20.2
P-3017,лҸ„л§үл‘җк»ҳОјm,27,22.3
P-3017,лҸ„л§үл‘җк»ҳОјm,28,22.1
P-3017,лҸ„л§үл‘җк»ҳОјm,29,22.9
P-3017,лҸ„л§үл‘җк»ҳОјm,30,20.5
P-3018,лҸ„л§үл‘җк»ҳОјm,1,38.5
P-3018,лҸ„л§үл‘җк»ҳОјm,2,39.1
P-3018,лҸ„л§үл‘җк»ҳОјm,3,39.8
P-3018,лҸ„л§үл‘җк»ҳОјm,4,40.3
P-3018,лҸ„л§үл‘җк»ҳОјm,5,39.0
P-3018,лҸ„л§үл‘җк»ҳОјm,6,38.1
P-3018,лҸ„л§үл‘җк»ҳОјm,7,38.5
P-3018,лҸ„л§үл‘җк»ҳОјm,8,39.6
P-3018,лҸ„л§үл‘җк»ҳОјm,9,37.7
P-3018,лҸ„л§үл‘җк»ҳОјm,10,39.7
P-3018,лҸ„л§үл‘җк»ҳОјm,11,39.5
P-3018,лҸ„л§үл‘җк»ҳОјm,12,40.8
P-3018,лҸ„л§үл‘җк»ҳОјm,13,39.9
P-3018,лҸ„л§үл‘җк»ҳОјm,14,39.4
P-3018,лҸ„л§үл‘җк»ҳОјm,15,40.3
P-3018,лҸ„л§үл‘җк»ҳОјm,16,38.6
P-3018,лҸ„л§үл‘җк»ҳОјm,17,38.4
P-3018,лҸ„л§үл‘җк»ҳОјm,18,40.3
P-3018,лҸ„л§үл‘җк»ҳОјm,19,41.2
P-3018,лҸ„л§үл‘җк»ҳОјm,20,39.3
P-3018,лҸ„л§үл‘җк»ҳОјm,21,41.1
P-3018,лҸ„л§үл‘җк»ҳОјm,22,40.8
P-3018,лҸ„л§үл‘җк»ҳОјm,23,39.8
P-3018,лҸ„л§үл‘җк»ҳОјm,24,40.1
P-3018,лҸ„л§үл‘җк»ҳОјm,25,41.2
P-3018,лҸ„л§үл‘җк»ҳОјm,26,39.7
P-3018,лҸ„л§үл‘җк»ҳОјm,27,39.7
P-3018,лҸ„л§үл‘җк»ҳОјm,28,39.4
P-3018,лҸ„л§үл‘җк»ҳОјm,29,39.2
P-3018,лҸ„л§үл‘җк»ҳОјm,30,40.0
P-3019,лҸ„л§үл‘җк»ҳОјm,1,26.3
P-3019,лҸ„л§үл‘җк»ҳОјm,2,26.8
P-3019,лҸ„л§үл‘җк»ҳОјm,3,27.4
P-3019,лҸ„л§үл‘җк»ҳОјm,4,24.6
P-3019,лҸ„л§үл‘җк»ҳОјm,5,26.6
P-3019,лҸ„л§үл‘җк»ҳОјm,6,25.0
P-3019,лҸ„л§үл‘җк»ҳОјm,7,26.0
P-3019,лҸ„л§үл‘җк»ҳОјm,8,24.5
P-3019,лҸ„л§үл‘җк»ҳОјm,9,24.3
P-3019,лҸ„л§үл‘җк»ҳОјm,10,27.9
P-3019,лҸ„л§үл‘җк»ҳОјm,11,25.9
P-3019,лҸ„л§үл‘җк»ҳОјm,12,26.8
P-3019,лҸ„л§үл‘җк»ҳОјm,13,28.7
P-3019,лҸ„л§үл‘җк»ҳОјm,14,27.0
P-3019,лҸ„л§үл‘җк»ҳОјm,15,26.2
P-3019,лҸ„л§үл‘җк»ҳОјm,16,26.9
P-3019,лҸ„л§үл‘җк»ҳОјm,17,24.8
P-3019,лҸ„л§үл‘җк»ҳОјm,18,26.8
P-3019,лҸ„л§үл‘җк»ҳОјm,19,25.3
P-3019,лҸ„л§үл‘җк»ҳОјm,20,26.7
P-3019,лҸ„л§үл‘җк»ҳОјm,21,25.9
P-3019,лҸ„л§үл‘җк»ҳОјm,22,27.9
P-3019,лҸ„л§үл‘җк»ҳОјm,23,25.8
P-3019,лҸ„л§үл‘җк»ҳОјm,24,28.0
P-3019,лҸ„л§үл‘җк»ҳОјm,25,27.5
P-3019,лҸ„л§үл‘җк»ҳОјm,26,25.8
P-3019,лҸ„л§үл‘җк»ҳОјm,27,26.8
P-3019,лҸ„л§үл‘җк»ҳОјm,28,26.4
P-3019,лҸ„л§үл‘җк»ҳОјm,29,26.7
P-3019,лҸ„л§үл‘җк»ҳОјm,30,24.0
P-3020,лҸ„л§үл‘җк»ҳОјm,1,41.1
P-3020,лҸ„л§үл‘җк»ҳОјm,2,36.8
P-3020,лҸ„л§үл‘җк»ҳОјm,3,37.2
P-3020,лҸ„л§үл‘җк»ҳОјm,4,37.6
P-3020,лҸ„л§үл‘җк»ҳОјm,5,37.4
P-3020,лҸ„л§үл‘җк»ҳОјm,6,38.9
P-3020,лҸ„л§үл‘җк»ҳОјm,7,35.0
P-3020,лҸ„л§үл‘җк»ҳОјm,8,36.6
P-3020,лҸ„л§үл‘җк»ҳОјm,9,38.1
P-3020,лҸ„л§үл‘җк»ҳОјm,10,35.5
P-3020,лҸ„л§үл‘җк»ҳОјm,11,40.9
P-3020,лҸ„л§үл‘җк»ҳОјm,12,38.7
P-3020,лҸ„л§үл‘җк»ҳОјm,13,39.4
P-3020,лҸ„л§үл‘җк»ҳОјm,14,39.1
P-3020,лҸ„л§үл‘җк»ҳОјm,15,35.8
P-3020,лҸ„л§үл‘җк»ҳОјm,16,36.7
P-3020,лҸ„л§үл‘җк»ҳОјm,17,35.2
P-3020,лҸ„л§үл‘җк»ҳОјm,18,38.2
P-3020,лҸ„л§үл‘җк»ҳОјm,19,37.6
P-3020,лҸ„л§үл‘җк»ҳОјm,20,37.1
P-3020,лҸ„л§үл‘җк»ҳОјm,21,37.0
P-3020,лҸ„л§үл‘җк»ҳОјm,22,39.6
P-3020,лҸ„л§үл‘җк»ҳОјm,23,36.8
P-3020,лҸ„л§үл‘җк»ҳОјm,24,36.5
P-3020,лҸ„л§үл‘җк»ҳОјm,25,40.9
P-3020,лҸ„л§үл‘җк»ҳОјm,26,38.7
P-3020,лҸ„л§үл‘җк»ҳОјm,27,38.7
P-3020,лҸ„л§үл‘җк»ҳОјm,28,39.1
P-3020,лҸ„л§үл‘җк»ҳОјm,29,36.3
P-3020,лҸ„л§үл‘җк»ҳОјm,30,38.3
P-3021,лҸ„л§үл‘җк»ҳОјm,1,25.4
P-3021,лҸ„л§үл‘җк»ҳОјm,2,25.3
P-3021,лҸ„л§үл‘җк»ҳОјm,3,23.8
P-3021,лҸ„л§үл‘җк»ҳОјm,4,25.4
P-3021,лҸ„л§үл‘җк»ҳОјm,5,23.6
P-3021,лҸ„л§үл‘җк»ҳОјm,6,24.1
P-3021,лҸ„л§үл‘җк»ҳОјm,7,24.3
P-3021,лҸ„л§үл‘җк»ҳОјm,8,21.7
P-3021,лҸ„л§үл‘җк»ҳОјm,9,25.3
P-3021,лҸ„л§үл‘җк»ҳОјm,10,24.3
P-3021,лҸ„л§үл‘җк»ҳОјm,11,24.7
P-3021,лҸ„л§үл‘җк»ҳОјm,12,25.2
P-3021,лҸ„л§үл‘җк»ҳОјm,13,23.5
P-3021,лҸ„л§үл‘җк»ҳОјm,14,22.4
P-3021,лҸ„л§үл‘җк»ҳОјm,15,24.6
P-3021,лҸ„л§үл‘җк»ҳОјm,16,23.1
P-3021,лҸ„л§үл‘җк»ҳОјm,17,23.3
P-3021,лҸ„л§үл‘җк»ҳОјm,18,23.8
P-3021,лҸ„л§үл‘җк»ҳОјm,19,24.0
P-3021,лҸ„л§үл‘җк»ҳОјm,20,24.6
P-3021,лҸ„л§үл‘җк»ҳОјm,21,25.9
P-3021,лҸ„л§үл‘җк»ҳОјm,22,24.1
P-3021,лҸ„л§үл‘җк»ҳОјm,23,25.0
P-3021,лҸ„л§үл‘җк»ҳОјm,24,23.7
P-3021,лҸ„л§үл‘җк»ҳОјm,25,23.5
P-3021,лҸ„л§үл‘җк»ҳОјm,26,24.9
P-3021,лҸ„л§үл‘җк»ҳОјm,27,23.4
P-3021,лҸ„л§үл‘җк»ҳОјm,28,24.9
P-3021,лҸ„л§үл‘җк»ҳОјm,29,25.2
P-3021,лҸ„л§үл‘җк»ҳОјm,30,23.0
P-3022,лҸ„л§үл‘җк»ҳОјm,1,20.5
P-3022,лҸ„л§үл‘җк»ҳОјm,2,21.6
P-3022,лҸ„л§үл‘җк»ҳОјm,3,18.0
P-3022,лҸ„л§үл‘җк»ҳОјm,4,19.5
P-3022,лҸ„л§үл‘җк»ҳОјm,5,20.6
P-3022,лҸ„л§үл‘җк»ҳОјm,6,21.1
P-3022,лҸ„л§үл‘җк»ҳОјm,7,20.8
P-3022,лҸ„л§үл‘җк»ҳОјm,8,20.3
P-3022,лҸ„л§үл‘җк»ҳОјm,9,21.5
P-3022,лҸ„л§үл‘җк»ҳОјm,10,23.5
P-3022,лҸ„л§үл‘җк»ҳОјm,11,24.8
P-3022,лҸ„л§үл‘җк»ҳОјm,12,23.2
P-3022,лҸ„л§үл‘җк»ҳОјm,13,21.1
P-3022,лҸ„л§үл‘җк»ҳОјm,14,21.2
P-3022,лҸ„л§үл‘җк»ҳОјm,15,22.2
P-3022,лҸ„л§үл‘җк»ҳОјm,16,22.3
P-3022,лҸ„л§үл‘җк»ҳОјm,17,24.7
P-3022,лҸ„л§үл‘җк»ҳОјm,18,20.2
P-3022,лҸ„л§үл‘җк»ҳОјm,19,21.2
P-3022,лҸ„л§үл‘җк»ҳОјm,20,26.6
P-3022,лҸ„л§үл‘җк»ҳОјm,21,21.2
P-3022,лҸ„л§үл‘җк»ҳОјm,22,24.0
P-3022,лҸ„л§үл‘җк»ҳОјm,23,20.1
P-3022,лҸ„л§үл‘җк»ҳОјm,24,18.8
P-3022,лҸ„л§үл‘җк»ҳОјm,25,21.7
P-3022,лҸ„л§үл‘җк»ҳОјm,26,21.6
P-3022,лҸ„л§үл‘җк»ҳОјm,27,22.9
P-3022,лҸ„л§үл‘җк»ҳОјm,28,22.1
P-3022,лҸ„л§үл‘җк»ҳОјm,29,22.1
P-3022,лҸ„л§үл‘җк»ҳОјm,30,19.8
P-3023,лҸ„л§үл‘җк»ҳОјm,1,19.0
P-3023,лҸ„л§үл‘җк»ҳОјm,2,18.7
P-3023,лҸ„л§үл‘җк»ҳОјm,3,18.3
P-3023,лҸ„л§үл‘җк»ҳОјm,4,16.8
P-3023,лҸ„л§үл‘җк»ҳОјm,5,20.1
P-3023,лҸ„л§үл‘җк»ҳОјm,6,20.1
P-3023,лҸ„л§үл‘җк»ҳОјm,7,18.2
P-3023,лҸ„л§үл‘җк»ҳОјm,8,18.5
P-3023,лҸ„л§үл‘җк»ҳОјm,9,17.3
P-3023,лҸ„л§үл‘җк»ҳОјm,10,16.6
P-3023,лҸ„л§үл‘җк»ҳОјm,11,16.9
P-3023,лҸ„л§үл‘җк»ҳОјm,12,16.5
P-3023,лҸ„л§үл‘җк»ҳОјm,13,18.0
P-3023,лҸ„л§үл‘җк»ҳОјm,14,17.4
P-3023,лҸ„л§үл‘җк»ҳОјm,15,16.8
P-3023,лҸ„л§үл‘җк»ҳОјm,16,15.9
P-3023,лҸ„л§үл‘җк»ҳОјm,17,20.6
P-3023,лҸ„л§үл‘җк»ҳОјm,18,18.4
P-3023,лҸ„л§үл‘җк»ҳОјm,19,18.8
P-3023,лҸ„л§үл‘җк»ҳОјm,20,17.1
P-3023,лҸ„л§үл‘җк»ҳОјm,21,17.9
P-3023,лҸ„л§үл‘җк»ҳОјm,22,16.6
P-3023,лҸ„л§үл‘җк»ҳОјm,23,18.5
P-3023,лҸ„л§үл‘җк»ҳОјm,24,18.3
P-3023,лҸ„л§үл‘җк»ҳОјm,25,18.8
P-3023,лҸ„л§үл‘җк»ҳОјm,26,17.8
P-3023,лҸ„л§үл‘җк»ҳОјm,27,18.3
P-3023,лҸ„л§үл‘җк»ҳОјm,28,19.0
P-3023,лҸ„л§үл‘җк»ҳОјm,29,16.6
P-3023,лҸ„л§үл‘җк»ҳОјm,30,16.3
P-3024,лҸ„л§үл‘җк»ҳОјm,1,15.4
P-3024,лҸ„л§үл‘җк»ҳОјm,2,12.8
P-3024,лҸ„л§үл‘җк»ҳОјm,3,12.0
P-3024,лҸ„л§үл‘җк»ҳОјm,4,13.5
P-3024,лҸ„л§үл‘җк»ҳОјm,5,16.5
P-3024,лҸ„л§үл‘җк»ҳОјm,6,17.8
P-3024,лҸ„л§үл‘җк»ҳОјm,7,15.9
P-3024,лҸ„л§үл‘җк»ҳОјm,8,15.7
P-3024,лҸ„л§үл‘җк»ҳОјm,9,15.2
P-3024,лҸ„л§үл‘җк»ҳОјm,10,10.5
P-3024,лҸ„л§үл‘җк»ҳОјm,11,12.8
P-3024,лҸ„л§үл‘җк»ҳОјm,12,17.7
P-3024,лҸ„л§үл‘җк»ҳОјm,13,13.3
P-3024,лҸ„л§үл‘җк»ҳОјm,14,13.4
P-3024,лҸ„л§үл‘җк»ҳОјm,15,13.6
P-3024,лҸ„л§үл‘җк»ҳОјm,16,14.6
P-3024,лҸ„л§үл‘җк»ҳОјm,17,14.4
P-3024,лҸ„л§үл‘җк»ҳОјm,18,16.5
P-3024,лҸ„л§үл‘җк»ҳОјm,19,14.4
P-3024,лҸ„л§үл‘җк»ҳОјm,20,15.9
P-3024,лҸ„л§үл‘җк»ҳОјm,21,16.3
P-3024,лҸ„л§үл‘җк»ҳОјm,22,14.0
P-3024,лҸ„л§үл‘җк»ҳОјm,23,14.6
P-3024,лҸ„л§үл‘җк»ҳОјm,24,12.4
P-3024,лҸ„л§үл‘җк»ҳОјm,25,15.0
P-3024,лҸ„л§үл‘җк»ҳОјm,26,14.2
P-3024,лҸ„л§үл‘җк»ҳОјm,27,14.8
P-3024,лҸ„л§үл‘җк»ҳОјm,28,14.7
P-3024,лҸ„л§үл‘җк»ҳОјm,29,14.2
P-3024,лҸ„л§үл‘җк»ҳОјm,30,16.1
P-3025,лҸ„л§үл‘җк»ҳОјm,1,32.4
P-3025,лҸ„л§үл‘җк»ҳОјm,2,31.9
P-3025,лҸ„л§үл‘җк»ҳОјm,3,32.6
P-3025,лҸ„л§үл‘җк»ҳОјm,4,32.6
P-3025,лҸ„л§үл‘җк»ҳОјm,5,32.2
P-3025,лҸ„л§үл‘җк»ҳОјm,6,32.5
P-3025,лҸ„л§үл‘җк»ҳОјm,7,31.1
P-3025,лҸ„л§үл‘җк»ҳОјm,8,31.5
P-3025,лҸ„л§үл‘җк»ҳОјm,9,33.3
P-3025,лҸ„л§үл‘җк»ҳОјm,10,33.9
P-3025,лҸ„л§үл‘җк»ҳОјm,11,34.6
P-3025,лҸ„л§үл‘җк»ҳОјm,12,34.5
P-3025,лҸ„л§үл‘җк»ҳОјm,13,32.2
P-3025,лҸ„л§үл‘җк»ҳОјm,14,33.2
P-3025,лҸ„л§үл‘җк»ҳОјm,15,34.0
P-3025,лҸ„л§үл‘җк»ҳОјm,16,32.8
P-3025,лҸ„л§үл‘җк»ҳОјm,17,33.5
P-3025,лҸ„л§үл‘җк»ҳОјm,18,33.5
P-3025,лҸ„л§үл‘җк»ҳОјm,19,33.9
P-3025,лҸ„л§үл‘җк»ҳОјm,20,33.9
P-3025,лҸ„л§үл‘җк»ҳОјm,21,33.5
P-3025,лҸ„л§үл‘җк»ҳОјm,22,33.7
P-3025,лҸ„л§үл‘җк»ҳОјm,23,33.3
P-3025,лҸ„л§үл‘җк»ҳОјm,24,33.7
P-3025,лҸ„л§үл‘җк»ҳОјm,25,33.5
P-3025,лҸ„л§үл‘җк»ҳОјm,26,32.9
P-3025,лҸ„л§үл‘җк»ҳОјm,27,33.8
P-3025,лҸ„л§үл‘җк»ҳОјm,28,32.7
P-3025,лҸ„л§үл‘җк»ҳОјm,29,34.1
P-3025,лҸ„л§үл‘җк»ҳОјm,30,33.0
P-3026,лҸ„л§үл‘җк»ҳОјm,1,20.4
P-3026,лҸ„л§үл‘җк»ҳОјm,2,20.0
P-3026,лҸ„л§үл‘җк»ҳОјm,3,20.5
P-3026,лҸ„л§үл‘җк»ҳОјm,4,17.6
P-3026,лҸ„л§үл‘җк»ҳОјm,5,21.4
P-3026,лҸ„л§үл‘җк»ҳОјm,6,21.3
P-3026,лҸ„л§үл‘җк»ҳОјm,7,21.9
P-3026,лҸ„л§үл‘җк»ҳОјm,8,21.0
P-3026,лҸ„л§үл‘җк»ҳОјm,9,20.4
P-3026,лҸ„л§үл‘җк»ҳОјm,10,19.3
P-3026,лҸ„л§үл‘җк»ҳОјm,11,18.3
P-3026,лҸ„л§үл‘җк»ҳОјm,12,19.8
P-3026,лҸ„л§үл‘җк»ҳОјm,13,16.9
P-3026,лҸ„л§үл‘җк»ҳОјm,14,16.2
P-3026,лҸ„л§үл‘җк»ҳОјm,15,20.4
P-3026,лҸ„л§үл‘җк»ҳОјm,16,19.6
P-3026,лҸ„л§үл‘җк»ҳОјm,17,20.8
P-3026,лҸ„л§үл‘җк»ҳОјm,18,18.9
P-3026,лҸ„л§үл‘җк»ҳОјm,19,22.2
P-3026,лҸ„л§үл‘җк»ҳОјm,20,19.7
P-3026,лҸ„л§үл‘җк»ҳОјm,21,17.2
P-3026,лҸ„л§үл‘җк»ҳОјm,22,20.2
P-3026,лҸ„л§үл‘җк»ҳОјm,23,18.2
P-3026,лҸ„л§үл‘җк»ҳОјm,24,19.3
P-3026,лҸ„л§үл‘җк»ҳОјm,25,16.6
P-3026,лҸ„л§үл‘җк»ҳОјm,26,21.0
P-3026,лҸ„л§үл‘җк»ҳОјm,27,19.9
P-3026,лҸ„л§үл‘җк»ҳОјm,28,18.4
P-3026,лҸ„л§үл‘җк»ҳОјm,29,19.5
P-3026,лҸ„л§үл‘җк»ҳОјm,30,18.5
P-3027,лҸ„л§үл‘җк»ҳОјm,1,36.9
P-3027,лҸ„л§үл‘җк»ҳОјm,2,41.0
P-3027,лҸ„л§үл‘җк»ҳОјm,3,38.1
P-3027,лҸ„л§үл‘җк»ҳОјm,4,40.3
P-3027,лҸ„л§үл‘җк»ҳОјm,5,37.3
P-3027,лҸ„л§үл‘җк»ҳОјm,6,38.7
P-3027,лҸ„л§үл‘җк»ҳОјm,7,40.8
P-3027,лҸ„л§үл‘җк»ҳОјm,8,37.9
P-3027,лҸ„л§үл‘җк»ҳОјm,9,34.8
P-3027,лҸ„л§үл‘җк»ҳОјm,10,36.6
P-3027,лҸ„л§үл‘җк»ҳОјm,11,38.9
P-3027,лҸ„л§үл‘җк»ҳОјm,12,38.8
P-3027,лҸ„л§үл‘җк»ҳОјm,13,39.0
P-3027,лҸ„л§үл‘җк»ҳОјm,14,39.6
P-3027,лҸ„л§үл‘җк»ҳОјm,15,38.2
P-3027,лҸ„л§үл‘җк»ҳОјm,16,40.2
P-3027,лҸ„л§үл‘җк»ҳОјm,17,37.7
P-3027,лҸ„л§үл‘җк»ҳОјm,18,39.1
P-3027,лҸ„л§үл‘җк»ҳОјm,19,39.6
P-3027,лҸ„л§үл‘җк»ҳОјm,20,37.9
P-3027,лҸ„л§үл‘җк»ҳОјm,21,40.0
P-3027,лҸ„л§үл‘җк»ҳОјm,22,37.0
P-3027,лҸ„л§үл‘җк»ҳОјm,23,37.9
P-3027,лҸ„л§үл‘җк»ҳОјm,24,37.4
P-3027,лҸ„л§үл‘җк»ҳОјm,25,39.9
P-3027,лҸ„л§үл‘җк»ҳОјm,26,39.6
P-3027,лҸ„л§үл‘җк»ҳОјm,27,39.7
P-3027,лҸ„л§үл‘җк»ҳОјm,28,37.1
P-3027,лҸ„л§үл‘җк»ҳОјm,29,38.2
P-3027,лҸ„л§үл‘җк»ҳОјm,30,35.8
P-3028,лҸ„л§үл‘җк»ҳОјm,1,26.8
P-3028,лҸ„л§үл‘җк»ҳОјm,2,21.4
P-3028,лҸ„л§үл‘җк»ҳОјm,3,21.9
P-3028,лҸ„л§үл‘җк»ҳОјm,4,26.8
P-3028,лҸ„л§үл‘җк»ҳОјm,5,24.9
P-3028,лҸ„л§үл‘җк»ҳОјm,6,26.7
P-3028,лҸ„л§үл‘җк»ҳОјm,7,24.0
P-3028,лҸ„л§үл‘җк»ҳОјm,8,25.2
P-3028,лҸ„л§үл‘җк»ҳОјm,9,23.0
P-3028,лҸ„л§үл‘җк»ҳОјm,10,28.1
P-3028,лҸ„л§үл‘җк»ҳОјm,11,25.8
P-3028,лҸ„л§үл‘җк»ҳОјm,12,23.2
P-3028,лҸ„л§үл‘җк»ҳОјm,13,25.7
P-3028,лҸ„л§үл‘җк»ҳОјm,14,23.3
P-3028,лҸ„л§үл‘җк»ҳОјm,15,24.4
P-3028,лҸ„л§үл‘җк»ҳОјm,16,27.2
P-3028,лҸ„л§үл‘җк»ҳОјm,17,20.6
P-3028,лҸ„л§үл‘җк»ҳОјm,18,24.7
P-3028,лҸ„л§үл‘җк»ҳОјm,19,26.6
P-3028,лҸ„л§үл‘җк»ҳОјm,20,26.1
P-3028,лҸ„л§үл‘җк»ҳОјm,21,17.9
P-3028,лҸ„л§үл‘җк»ҳОјm,22,21.0
P-3028,лҸ„л§үл‘җк»ҳОјm,23,22.4
P-3028,лҸ„л§үл‘җк»ҳОјm,24,26.0
P-3028,лҸ„л§үл‘җк»ҳОјm,25,22.1
P-3028,лҸ„л§үл‘җк»ҳОјm,26,23.9
P-3028,лҸ„л§үл‘җк»ҳОјm,27,23.5
P-3028,лҸ„л§үл‘җк»ҳОјm,28,23.0
P-3028,лҸ„л§үл‘җк»ҳОјm,29,23.5
P-3028,лҸ„л§үл‘җк»ҳОјm,30,23.9
P-3029,лҸ„л§үл‘җк»ҳОјm,1,37.8
P-3029,лҸ„л§үл‘җк»ҳОјm,2,38.6
P-3029,лҸ„л§үл‘җк»ҳОјm,3,40.0
P-3029,лҸ„л§үл‘җк»ҳОјm,4,39.6
P-3029,лҸ„л§үл‘җк»ҳОјm,5,39.5
P-3029,лҸ„л§үл‘җк»ҳОјm,6,38.8
P-3029,лҸ„л§үл‘җк»ҳОјm,7,38.7
P-3029,лҸ„л§үл‘җк»ҳОјm,8,38.0
P-3029,лҸ„л§үл‘җк»ҳОјm,9,40.3
P-3029,лҸ„л§үл‘җк»ҳОјm,10,37.1
P-3029,лҸ„л§үл‘җк»ҳОјm,11,39.4
P-3029,лҸ„л§үл‘җк»ҳОјm,12,38.7
P-3029,лҸ„л§үл‘җк»ҳОјm,13,39.6
P-3029,лҸ„л§үл‘җк»ҳОјm,14,37.5
P-3029,лҸ„л§үл‘җк»ҳОјm,15,38.7
P-3029,лҸ„л§үл‘җк»ҳОјm,16,41.7
P-3029,лҸ„л§үл‘җк»ҳОјm,17,37.4
P-3029,лҸ„л§үл‘җк»ҳОјm,18,40.0
P-3029,лҸ„л§үл‘җк»ҳОјm,19,39.7
P-3029,лҸ„л§үл‘җк»ҳОјm,20,37.9
P-3029,лҸ„л§үл‘җк»ҳОјm,21,39.9
P-3029,лҸ„л§үл‘җк»ҳОјm,22,38.7
P-3029,лҸ„л§үл‘җк»ҳОјm,23,38.5
P-3029,лҸ„л§үл‘җк»ҳОјm,24,37.8
P-3029,лҸ„л§үл‘җк»ҳОјm,25,37.1
P-3029,лҸ„л§үл‘җк»ҳОјm,26,37.8
P-3029,лҸ„л§үл‘җк»ҳОјm,27,39.9
P-3029,лҸ„л§үл‘җк»ҳОјm,28,39.2
P-3029,лҸ„л§үл‘җк»ҳОјm,29,37.5
P-3029,лҸ„л§үл‘җк»ҳОјm,30,38.3
P-3030,лҸ„л§үл‘җк»ҳОјm,1,26.8
P-3030,лҸ„л§үл‘җк»ҳОјm,2,32.4
P-3030,лҸ„л§үл‘җк»ҳОјm,3,28.4
P-3030,лҸ„л§үл‘җк»ҳОјm,4,31.0
P-3030,лҸ„л§үл‘җк»ҳОјm,5,26.8
P-3030,лҸ„л§үл‘җк»ҳОјm,6,31.9
P-3030,лҸ„л§үл‘җк»ҳОјm,7,26.0
P-3030,лҸ„л§үл‘җк»ҳОјm,8,31.3
P-3030,лҸ„л§үл‘җк»ҳОјm,9,27.7
P-3030,лҸ„л§үл‘җк»ҳОјm,10,27.2
P-3030,лҸ„л§үл‘җк»ҳОјm,11,29.4
P-3030,лҸ„л§үл‘җк»ҳОјm,12,29.8
P-3030,лҸ„л§үл‘җк»ҳОјm,13,28.0
P-3030,лҸ„л§үл‘җк»ҳОјm,14,27.2
P-3030,лҸ„л§үл‘җк»ҳОјm,15,32.4
P-3030,лҸ„л§үл‘җк»ҳОјm,16,28.9
P-3030,лҸ„л§үл‘җк»ҳОјm,17,30.0
P-3030,лҸ„л§үл‘җк»ҳОјm,18,26.6
P-3030,лҸ„л§үл‘җк»ҳОјm,19,24.2
P-3030,лҸ„л§үл‘җк»ҳОјm,20,29.0
P-3030,лҸ„л§үл‘җк»ҳОјm,21,24.6
P-3030,лҸ„л§үл‘җк»ҳОјm,22,26.6
P-3030,лҸ„л§үл‘җк»ҳОјm,23,28.9
P-3030,лҸ„л§үл‘җк»ҳОјm,24,28.1
P-3030,лҸ„л§үл‘җк»ҳОјm,25,29.0
P-3030,лҸ„л§үл‘җк»ҳОјm,26,28.5
P-3030,лҸ„л§үл‘җк»ҳОјm,27,28.5
P-3030,лҸ„л§үл‘җк»ҳОјm,28,25.3
P-3030,лҸ„л§үл‘җк»ҳОјm,29,29.3
P-3030,лҸ„л§үл‘җк»ҳОјm,30,26.9
P-3031,лҸ„л§үл‘җк»ҳОјm,1,27.4
P-3031,лҸ„л§үл‘җк»ҳОјm,2,26.7
P-3031,лҸ„л§үл‘җк»ҳОјm,3,26.2
P-3031,лҸ„л§үл‘җк»ҳОјm,4,26.7
P-3031,лҸ„л§үл‘җк»ҳОјm,5,25.1
P-3031,лҸ„л§үл‘җк»ҳОјm,6,26.2
P-3031,лҸ„л§үл‘җк»ҳОјm,7,27.4
P-3031,лҸ„л§үл‘җк»ҳОјm,8,25.2
P-3031,лҸ„л§үл‘җк»ҳОјm,9,27.1
P-3031,лҸ„л§үл‘җк»ҳОјm,10,27.5
P-3031,лҸ„л§үл‘җк»ҳОјm,11,27.8
P-3031,лҸ„л§үл‘җк»ҳОјm,12,27.9
P-3031,лҸ„л§үл‘җк»ҳОјm,13,26.5
P-3031,лҸ„л§үл‘җк»ҳОјm,14,27.9
P-3031,лҸ„л§үл‘җк»ҳОјm,15,25.7
P-3031,лҸ„л§үл‘җк»ҳОјm,16,26.0
P-3031,лҸ„л§үл‘җк»ҳОјm,17,27.5
P-3031,лҸ„л§үл‘җк»ҳОјm,18,26.2
P-3031,лҸ„л§үл‘җк»ҳОјm,19,26.5
P-3031,лҸ„л§үл‘җк»ҳОјm,20,26.8
P-3031,лҸ„л§үл‘җк»ҳОјm,21,26.9
P-3031,лҸ„л§үл‘җк»ҳОјm,22,27.6
P-3031,лҸ„л§үл‘җк»ҳОјm,23,27.8
P-3031,лҸ„л§үл‘җк»ҳОјm,24,26.7
P-3031,лҸ„л§үл‘җк»ҳОјm,25,26.9
P-3031,лҸ„л§үл‘җк»ҳОјm,26,26.3
P-3031,лҸ„л§үл‘җк»ҳОјm,27,26.6
P-3031,лҸ„л§үл‘җк»ҳОјm,28,27.9
P-3031,лҸ„л§үл‘җк»ҳОјm,29,27.6
P-3031,лҸ„л§үл‘җк»ҳОјm,30,26.6
P-3032,лҸ„л§үл‘җк»ҳОјm,1,38.5
P-3032,лҸ„л§үл‘җк»ҳОјm,2,38.7
P-3032,лҸ„л§үл‘җк»ҳОјm,3,39.2
P-3032,лҸ„л§үл‘җк»ҳОјm,4,40.4
P-3032,лҸ„л§үл‘җк»ҳОјm,5,39.1
P-3032,лҸ„л§үл‘җк»ҳОјm,6,38.2
P-3032,лҸ„л§үл‘җк»ҳОјm,7,36.4
P-3032,лҸ„л§үл‘җк»ҳОјm,8,39.9
P-3032,лҸ„л§үл‘җк»ҳОјm,9,35.5
P-3032,лҸ„л§үл‘җк»ҳОјm,10,36.9
P-3032,лҸ„л§үл‘җк»ҳОјm,11,37.5
P-3032,лҸ„л§үл‘җк»ҳОјm,12,36.8
P-3032,лҸ„л§үл‘җк»ҳОјm,13,36.3
P-3032,лҸ„л§үл‘җк»ҳОјm,14,38.5
P-3032,лҸ„л§үл‘җк»ҳОјm,15,37.7
P-3032,лҸ„л§үл‘җк»ҳОјm,16,35.8
P-3032,лҸ„л§үл‘җк»ҳОјm,17,40.9
P-3032,лҸ„л§үл‘җк»ҳОјm,18,38.5
P-3032,лҸ„л§үл‘җк»ҳОјm,19,38.5
P-3032,лҸ„л§үл‘җк»ҳОјm,20,39.0
P-3032,лҸ„л§үл‘җк»ҳОјm,21,37.4
P-3032,лҸ„л§үл‘җк»ҳОјm,22,37.4
P-3032,лҸ„л§үл‘җк»ҳОјm,23,37.9
P-3032,лҸ„л§үл‘җк»ҳОјm,24,38.8
P-3032,лҸ„л§үл‘җк»ҳОјm,25,38.7
P-3032,лҸ„л§үл‘җк»ҳОјm,26,34.9
P-3032,лҸ„л§үл‘җк»ҳОјm,27,38.9
P-3032,лҸ„л§үл‘җк»ҳОјm,28,37.3
P-3032,лҸ„л§үл‘җк»ҳОјm,29,35.6
P-3032,лҸ„л§үл‘җк»ҳОјm,30,37.5
P-3033,лҸ„л§үл‘җк»ҳОјm,1,30.1
P-3033,лҸ„л§үл‘җк»ҳОјm,2,34.0
P-3033,лҸ„л§үл‘җк»ҳОјm,3,33.3
P-3033,лҸ„л§үл‘җк»ҳОјm,4,31.4
P-3033,лҸ„л§үл‘җк»ҳОјm,5,31.7
P-3033,лҸ„л§үл‘җк»ҳОјm,6,32.5
P-3033,лҸ„л§үл‘җк»ҳОјm,7,37.0
P-3033,лҸ„л§үл‘җк»ҳОјm,8,30.0
P-3033,лҸ„л§үл‘җк»ҳОјm,9,32.4
P-3033,лҸ„л§үл‘җк»ҳОјm,10,34.8
P-3033,лҸ„л§үл‘җк»ҳОјm,11,35.0
P-3033,лҸ„л§үл‘җк»ҳОјm,12,31.3
P-3033,лҸ„л§үл‘җк»ҳОјm,13,33.8
P-3033,лҸ„л§үл‘җк»ҳОјm,14,36.1
P-3033,лҸ„л§үл‘җк»ҳОјm,15,30.0
P-3033,лҸ„л§үл‘җк»ҳОјm,16,34.3
P-3033,лҸ„л§үл‘җк»ҳОјm,17,28.8
P-3033,лҸ„л§үл‘җк»ҳОјm,18,29.3
P-3033,лҸ„л§үл‘җк»ҳОјm,19,35.4
P-3033,лҸ„л§үл‘җк»ҳОјm,20,34.1
P-3033,лҸ„л§үл‘җк»ҳОјm,21,34.8
P-3033,лҸ„л§үл‘җк»ҳОјm,22,31.8
P-3033,лҸ„л§үл‘җк»ҳОјm,23,32.6
P-3033,лҸ„л§үл‘җк»ҳОјm,24,34.0
P-3033,лҸ„л§үл‘җк»ҳОјm,25,33.0
P-3033,лҸ„л§үл‘җк»ҳОјm,26,35.1
P-3033,лҸ„л§үл‘җк»ҳОјm,27,34.9
P-3033,лҸ„л§үл‘җк»ҳОјm,28,30.4
P-3033,лҸ„л§үл‘җк»ҳОјm,29,33.1
P-3033,лҸ„л§үл‘җк»ҳОјm,30,36.1
P-3034,лҸ„л§үл‘җк»ҳОјm,1,42.0
P-3034,лҸ„л§үл‘җк»ҳОјm,2,40.1
P-3034,лҸ„л§үл‘җк»ҳОјm,3,40.1
P-3034,лҸ„л§үл‘җк»ҳОјm,4,39.5
P-3034,лҸ„л§үл‘җк»ҳОјm,5,40.8
P-3034,лҸ„л§үл‘җк»ҳОјm,6,41.1
P-3034,лҸ„л§үл‘җк»ҳОјm,7,40.6
P-3034,лҸ„л§үл‘җк»ҳОјm,8,39.8
P-3034,лҸ„л§үл‘җк»ҳОјm,9,40.3
P-3034,лҸ„л§үл‘җк»ҳОјm,10,40.2
P-3034,лҸ„л§үл‘җк»ҳОјm,11,40.3
P-3034,лҸ„л§үл‘җк»ҳОјm,12,40.5
P-3034,лҸ„л§үл‘җк»ҳОјm,13,39.9
P-3034,лҸ„л§үл‘җк»ҳОјm,14,39.9
P-3034,лҸ„л§үл‘җк»ҳОјm,15,40.2
P-3034,лҸ„л§үл‘җк»ҳОјm,16,40.0
P-3034,лҸ„л§үл‘җк»ҳОјm,17,39.7
P-3034,лҸ„л§үл‘җк»ҳОјm,18,40.3
P-3034,лҸ„л§үл‘җк»ҳОјm,19,40.2
P-3034,лҸ„л§үл‘җк»ҳОјm,20,39.5
P-3034,лҸ„л§үл‘җк»ҳОјm,21,40.3
P-3034,лҸ„л§үл‘җк»ҳОјm,22,40.1
P-3034,лҸ„л§үл‘җк»ҳОјm,23,40.1
P-3034,лҸ„л§үл‘җк»ҳОјm,24,40.7
P-3034,лҸ„л§үл‘җк»ҳОјm,25,39.0
P-3034,лҸ„л§үл‘җк»ҳОјm,26,39.7
P-3034,лҸ„л§үл‘җк»ҳОјm,27,38.2
P-3034,лҸ„л§үл‘җк»ҳОјm,28,40.9
P-3034,лҸ„л§үл‘җк»ҳОјm,29,39.9
P-3034,лҸ„л§үл‘җк»ҳОјm,30,39.7
P-3035,лҸ„л§үл‘җк»ҳОјm,1,27.6
P-3035,лҸ„л§үл‘җк»ҳОјm,2,28.1
P-3035,лҸ„л§үл‘җк»ҳОјm,3,29.0
P-3035,лҸ„л§үл‘җк»ҳОјm,4,28.0
P-3035,лҸ„л§үл‘җк»ҳОјm,5,29.0
P-3035,лҸ„л§үл‘җк»ҳОјm,6,28.5
P-3035,лҸ„л§үл‘җк»ҳОјm,7,28.0
P-3035,лҸ„л§үл‘җк»ҳОјm,8,29.1
P-3035,лҸ„л§үл‘җк»ҳОјm,9,29.5
P-3035,лҸ„л§үл‘җк»ҳОјm,10,29.5
P-3035,лҸ„л§үл‘җк»ҳОјm,11,28.0
P-3035,лҸ„л§үл‘җк»ҳОјm,12,29.7
P-3035,лҸ„л§үл‘җк»ҳОјm,13,27.9
P-3035,лҸ„л§үл‘җк»ҳОјm,14,29.1
P-3035,лҸ„л§үл‘җк»ҳОјm,15,28.6
P-3035,лҸ„л§үл‘җк»ҳОјm,16,28.9
P-3035,лҸ„л§үл‘җк»ҳОјm,17,28.9
P-3035,лҸ„л§үл‘җк»ҳОјm,18,30.1
P-3035,лҸ„л§үл‘җк»ҳОјm,19,28.8
P-3035,лҸ„л§үл‘җк»ҳОјm,20,29.3
P-3035,лҸ„л§үл‘җк»ҳОјm,21,29.2
P-3035,лҸ„л§үл‘җк»ҳОјm,22,27.6
P-3035,лҸ„л§үл‘җк»ҳОјm,23,28.2
P-3035,лҸ„л§үл‘җк»ҳОјm,24,28.7
P-3035,лҸ„л§үл‘җк»ҳОјm,25,29.3
P-3035,лҸ„л§үл‘җк»ҳОјm,26,28.7
P-3035,лҸ„л§үл‘җк»ҳОјm,27,27.8
P-3035,лҸ„л§үл‘җк»ҳОјm,28,28.3
P-3035,лҸ„л§үл‘җк»ҳОјm,29,29.0
P-3035,лҸ„л§үл‘җк»ҳОјm,30,29.2
